{
	"class_name" : "PinholeCameraParameters",
	"extrinsic" : 
	[
		0.996400271162452,
		0.038664764261712441,
		0.075442266879902645,
		0.0,
		-0.045102629548873896,
		0.9953093134713924,
		0.085586934311744661,
		0.0,
		-0.071779192215915194,
		-0.088681489171596878,
		0.9934703523724997,
		0.0,
		0.059724279295586213,
		3.7718715651639969,
		4.6076957854484721,
		1.0
	],
	"intrinsic" : 
	{
		"height" : 1016,
		"intrinsic_matrix" : 
		[
			879.88181024498977,
			0.0,
			0.0,
			0.0,
			879.88181024498977,
			0.0,
			923.5,
			507.5,
			1.0
		],
		"width" : 1848
	},
	"version_major" : 1,
	"version_minor" : 0
}